{
  "train_loss": [
    9.428752528808609,
    7.966037341076142,
    7.699428235405216,
    7.560927010867991,
    7.424998451346419,
    7.279303670293317,
    6.982009470887247,
    6.627596448906076,
    6.367749036025419,
    5.977165779165189,
    5.683090306613841,
    5.363408680000965,
    5.022190083564844,
    4.729715209890116,
    4.460692150910534,
    4.190279785638423,
    3.9567035553656664,
    3.7425280392230587,
    3.4854865517402835,
    3.301507145621163,
    3.0761553200069787,
    2.891179858425505,
    2.669155865028455,
    2.4763199652441883,
    2.3014900341463234
  ],
  "val_loss": [
    8.021894843092461,
    7.282241251796343,
    7.433802409194657,
    7.003720202152198,
    6.970500239828752,
    6.887077916289957,
    6.689241595177854,
    6.744666743617487,
    6.715043328949625,
    6.4700911576149025,
    6.720224165238475,
    6.605137586593628,
    7.12722152895272,
    7.198626664577502,
    7.292999676053558,
    7.6338866463204695,
    7.986667009326519,
    8.472255931081365,
    8.174345286536555,
    9.092175302064815,
    8.817738799969732,
    9.376474260718902,
    9.349551478268411,
    9.879659698190283,
    10.157545662039263
  ],
  "learning_rate": [
    0.0002,
    0.0004,
    0.0006,
    0.0008,
    0.001,
    0.0009998288338252908,
    0.0009993154526099096,
    0.0009984602081996976,
    0.0009972636867364526,
    0.0009957267082562184,
    0.0009938503261272714,
    0.0009916358263281954,
    0.000989084726566536,
    0.0009861987752386395,
    0.0009829799502313896,
    0.0009794304575666624,
    0.0009755527298894293,
    0.0009713494248005432,
    0.0009668234230353522,
    0.0009619778264893877,
    0.000956815956092479,
    0.0009513413495327554,
    0.0009455577588320897,
    0.0009394691477746516,
    0.0009330796891903272
  ]
}